..\Downloads\train_20210106\images\image_0301.jpg,62,155,84,382
..\Downloads\train_20210106\images\image_0127.png,54,141,82,387
..\Downloads\train_20210106\images\image_0356.jpg,53,134,34,373
..\Downloads\train_20210106\images\image_0008.png,64,151,32,384
..\Downloads\train\images\image_0533.png,64,135,32,367
..\Downloads\train\images\image_0430.png,53,141,38,383
..\Downloads\train\images\image_0270.png,58,140,24,385
..\Downloads\train\images\image_0598.jpg,49,120,89,385
..\Downloads\train\images\image_0685.png,39,141,34,370
..\Downloads\train\images\image_0921.png,59,103,28,385
..\Downloads\train\images\image_0503.png,51,138,74,369
..\Downloads\train_20210106\images\image_0163.jpg,54,142,84,384
..\Downloads\train\images\image_0227.jpg,68,144,26,381
..\Downloads\train_20210106\images\image_0394.jpg,60,138,41,385
..\Downloads\train\images\image_0425.png,62,136,75,382
..\Downloads\train\images\image_0561.jpg,60,126,36,365
..\Downloads\train\images\image_0299.png,50,103,73,383
..\Downloads\train_20210106\images\image_0312.jpg,60,145,42,354
..\Downloads\train\images\image_0322.png,44,118,34,369
..\Downloads\train\images\image_0968.png,77,143,75,383
..\Downloads\train_20210106\images\image_0379.jpg,64,120,80,367
..\Downloads\train\images\image_0850.png,56,140,74,366
..\Downloads\train\images\image_0885.png,63,121,16,380
..\Downloads\train\images\image_0404.JPG,33,140,61,382
..\Downloads\train\images\image_0339.png,57,138,80,381
..\Downloads\train\images\image_0873.png,54,155,24,381
..\Downloads\train\images\image_0629.jpg,51,137,36,385
..\Downloads\train\images\image_0758.png,59,137,90,385
..\Downloads\train_20210106\images\image_0397.jpg,48,121,74,382
..\Downloads\train\images\image_0200.jpg,70,122,31,363
..\Downloads\train\images\image_0485.png,51,137,25,356
..\Downloads\train\images\image_0943.png,66,122,33,382
..\Downloads\train\images\image_1000.png,55,124,78,367
..\Downloads\train\images\image_0711.png,68,143,34,367
..\Downloads\train\images\image_0703.png,59,145,15,382
..\Downloads\train\images\image_0821.png,64,122,45,356
..\Downloads\train\images\image_0936.png,58,104,76,382
..\Downloads\train\images\image_0409.JPG,60,140,23,383
..\Downloads\train\images\image_0910.png,65,143,80,385
..\Downloads\train\images\image_0173.png,83,139,91,380
..\Downloads\train\images\image_0125.png,53,151,90,382
..\Downloads\train_20210106\images\image_0156.jpg,45,157,28,364
..\Downloads\train\images\image_0360.png,57,123,21,384
..\Downloads\train\images\image_0212.png,57,137,76,381
..\Downloads\train\images\image_0321.png,72,122,75,368
..\Downloads\train\images\image_0250.png,55,121,74,373
..\Downloads\train\images\image_0753.png,56,136,53,353
..\Downloads\train_20210106\images\image_0245.jpg,55,150,31,384
..\Downloads\train\images\image_0867.png,64,124,23,384
..\Downloads\train_20210106\images\image_0367.jpg,55,132,72,367
..\Downloads\train\images\image_0477.png,61,106,36,368
..\Downloads\train\images\image_0347.png,50,126,80,383
..\Downloads\train_20210106\images\image_0175.jpg,60,136,78,380
..\Downloads\train\images\image_0197.jpg,52,127,36,381
..\Downloads\train_20210106\images\image_0041.png,71,156,72,368
..\Downloads\train\images\image_0383.png,54,122,70,368
..\Downloads\train\images\image_0177.jpg,61,123,76,380
..\Downloads\train_20210106\images\image_0225.jpg,66,98,31,379
..\Downloads\train\images\image_0907.png,51,149,31,383
..\Downloads\train_20210106\images\image_0007.png,44,143,83,383
..\Downloads\train\images\image_0975.png,56,122,32,378
..\Downloads\train\images\image_0876.png,62,126,81,383
..\Downloads\train_20210106\images\image_0172.jpg,52,120,26,367
..\Downloads\train_20210106\images\image_0298.jpg,61,153,35,384
..\Downloads\train\images\image_0621.jpg,51,135,53,362
..\Downloads\train\images\image_0202.jpg,50,154,57,380
..\Downloads\train\images\image_0070.png,70,137,25,381
..\Downloads\train_20210106\images\image_0287.jpg,60,132,76,368
..\Downloads\train\images\image_0586.jpg,57,142,71,370
..\Downloads\train\images\image_0352.png,57,151,33,371
..\Downloads\train\images\image_0325.png,48,132,76,384
..\Downloads\train_20210106\images\image_0290.jpg,56,139,28,382
..\Downloads\train_20210106\images\image_0174.jpg,65,135,30,382
..\Downloads\train\images\image_0176.jpg,55,102,29,382
..\Downloads\train_20210106\images\image_0234.jpg,47,127,77,381
..\Downloads\train\images\image_0247.png,63,102,40,363
..\Downloads\train\images\image_0412.png,75,136,81,380
..\Downloads\train_20210106\images\image_0190.jpg,62,163,29,381
..\Downloads\train_20210106\images\image_0213.jpg,67,107,40,369
..\Downloads\train_20210106\images\image_0157.jpg,52,120,84,380
..\Downloads\train_20210106\images\image_0295.jpg,57,140,73,383
..\Downloads\train_20210106\images\image_0016.png,69,126,45,368
..\Downloads\train_20210106\images\image_0230.jpg,61,137,76,380
..\Downloads\train\images\image_0110.png,66,139,28,381
..\Downloads\train\images\image_0994.png,60,145,74,380
..\Downloads\train_20210106\images\image_0159.jpg,57,143,77,384
..\Downloads\train\images\image_0032.png,68,100,33,382
..\Downloads\train_20210106\images\image_0068.png,55,135,40,377
..\Downloads\train\images\image_0749.png,24,137,49,383
..\Downloads\train\images\image_0098.png,58,135,35,373
..\Downloads\train\images\image_0862.png,47,135,76,380
..\Downloads\train\images\image_0961.png,60,107,33,382
..\Downloads\train\images\image_0018.png,57,133,22,382
..\Downloads\train\images\image_0183.jpg,74,169,83,381
..\Downloads\train\images\image_0904.png,53,127,74,382
..\Downloads\train_20210106\images\image_0277.jpg,59,135,78,386
..\Downloads\train\images\image_0547.jpg,57,119,44,363
..\Downloads\train\images\image_0260.png,49,123,71,362
..\Downloads\train_20210106\images\image_0281.jpg,71,143,72,384
..\Downloads\train\images\image_0490.png,56,150,68,362
..\Downloads\train_20210106\images\image_0077.png,67,167,74,384
..\Downloads\train\images\image_0881.png,71,122,31,381
..\Downloads\train\images\image_0680.png,54,139,83,385
..\Downloads\train\images\image_0256.png,52,115,77,380
..\Downloads\train\images\image_0169.jpg,58,126,77,373
..\Downloads\train\images\image_0913.png,61,141,27,383
..\Downloads\train\images\image_0739.png,64,152,36,374
..\Downloads\train_20210106\images\image_0393.jpg,53,145,76,384
..\Downloads\train\images\image_0150.png,65,106,31,382
..\Downloads\train\images\image_0741.png,57,141,36,383
..\Downloads\train_20210106\images\image_0246.jpg,53,129,75,384
..\Downloads\train_20210106\images\image_0349.jpg,66,144,82,384
..\Downloads\train\images\image_0205.jpg,59,139,26,384
..\Downloads\train\images\image_0689.png,57,117,30,382
..\Downloads\train\images\image_0090.png,62,140,43,366
..\Downloads\train_20210106\images\image_0401.jpg,52,133,80,366
..\Downloads\train\images\image_0863.png,59,134,30,378
..\Downloads\train\images\image_0926.png,55,145,75,368
..\Downloads\train\images\image_0960.png,57,104,77,383
..\Downloads\train\images\image_0279.png,45,133,73,370
..\Downloads\train\images\image_0306.png,61,136,32,380
..\Downloads\train_20210106\images\image_0250.jpg,65,153,77,372
..\Downloads\train\images\image_0688.png,63,129,84,384
..\Downloads\train_20210106\images\image_0015.png,52,132,79,379
..\Downloads\train\images\image_0778.png,46,137,84,380
..\Downloads\train\images\image_0160.png,52,158,24,384
..\Downloads\train\images\image_0378.png,64,136,20,383
..\Downloads\train\images\image_0170.jpg,61,137,34,369
..\Downloads\train\images\image_0791.png,58,131,41,352
..\Downloads\train\images\image_0261.png,67,117,31,369
..\Downloads\train_20210106\images\image_0378.jpg,64,147,29,385
..\Downloads\train\images\image_0663.jpg,48,182,53,383
..\Downloads\train_20210106\images\image_0313.jpg,64,153,76,380
..\Downloads\train\images\image_0917.png,57,131,43,366
..\Downloads\train\images\image_0820.png,55,129,74,367
..\Downloads\train\images\image_0666.png,61,144,77,382
..\Downloads\train\images\image_0022.png,57,138,29,378
..\Downloads\train\images\image_0718.png,54,120,71,369
..\Downloads\train\images\image_0063.png,68,119,91,375
..\Downloads\train\images\image_0283.png,35,122,83,381
..\Downloads\train\images\image_0222.jpg,51,122,79,382
..\Downloads\train\images\image_0626.jpg,53,135,79,380
..\Downloads\train\images\image_0655.jpg,41,147,40,385
..\Downloads\train_20210106\images\image_0200.jpg,58,157,40,379
..\Downloads\train_20210106\images\image_0254.jpg,59,162,38,378
..\Downloads\train\images\image_0400.JPG,58,138,33,384
..\Downloads\train\images\image_0466.png,53,144,30,381
..\Downloads\train\images\image_0752.png,64,137,79,382
..\Downloads\train_20210106\images\image_0145.png,49,134,73,384
..\Downloads\train\images\image_0587.jpg,51,146,30,379
..\Downloads\train\images\image_0435.png,57,144,74,384
..\Downloads\train\images\image_0843.png,61,134,22,383
..\Downloads\train\images\image_0253.png,65,113,30,380
..\Downloads\train_20210106\images\image_0228.jpg,60,147,81,383
..\Downloads\train\images\image_0171.jpg,82,123,84,384
..\Downloads\train_20210106\images\image_0185.jpg,52,141,79,382
..\Downloads\train\images\image_0828.png,68,122,72,382
..\Downloads\train\images\image_0588.jpg,62,139,65,370
..\Downloads\train\images\image_0575.png,55,178,10,379
..\Downloads\train\images\image_0567.png,55,135,24,380
..\Downloads\train_20210106\images\image_0038.png,56,134,28,381
..\Downloads\train\images\image_0953.png,63,99,20,382
..\Downloads\train\images\image_0310.png,61,135,33,375
..\Downloads\train\images\image_0992.png,49,141,77,382
..\Downloads\train_20210106\images\image_0399.jpg,48,106,78,382
..\Downloads\train\images\image_0471.png,58,135,32,364
..\Downloads\train\images\image_0271.png,55,150,85,380
..\Downloads\train_20210106\images\image_0207.jpg,62,123,72,382
..\Downloads\train\images\image_0619.jpg,50,135,36,383
..\Downloads\train\images\image_0164.png,56,121,33,382
..\Downloads\train\images\image_0072.png,62,119,35,381
..\Downloads\train_20210106\images\image_0002.png,57,132,37,378
..\Downloads\train\images\image_0041.png,47,121,76,383
..\Downloads\train\images\image_0440.png,59,115,35,384
..\Downloads\train\images\image_0088.png,64,116,39,364
..\Downloads\train\images\image_0009.png,72,159,78,385
..\Downloads\train\images\image_0995.png,54,150,37,376
..\Downloads\train_20210106\images\image_0303.jpg,53,122,91,385
..\Downloads\train_20210106\images\image_0095.png,53,123,75,369
..\Downloads\train_20210106\images\image_0237.jpg,63,142,33,370
..\Downloads\train_20210106\images\image_0402.jpg,65,120,36,369
..\Downloads\train\images\image_0956.png,63,143,76,380
..\Downloads\train\images\image_0221.jpg,65,123,32,381
..\Downloads\train\images\image_0730.png,69,115,81,383
..\Downloads\train\images\image_0386.png,59,117,31,382
..\Downloads\train\images\image_0190.jpg,64,144,34,383
..\Downloads\train_20210106\images\image_0406.jpg,67,147,31,372
..\Downloads\train\images\image_0784.png,42,133,84,382
..\Downloads\train_20210106\images\image_0299.jpg,66,155,85,384
..\Downloads\train\images\image_0506.png,60,123,24,384
..\Downloads\train\images\image_0024.png,60,106,25,363
..\Downloads\train\images\image_0534.png,50,131,88,383
..\Downloads\train\images\image_0362.png,58,168,30,374
..\Downloads\train\images\image_0557.jpg,54,140,34,383
..\Downloads\train_20210106\images\image_0141.png,48,138,69,385
..\Downloads\train\images\image_0312.png,60,143,45,348
..\Downloads\train\images\image_0903.png,51,154,22,383
..\Downloads\train_20210106\images\image_0358.jpg,55,152,49,367
..\Downloads\train_20210106\images\image_0315.jpg,65,139,79,386
..\Downloads\train\images\image_0659.jpg,52,116,30,383
..\Downloads\train_20210106\images\image_0233.jpg,52,146,30,384
..\Downloads\train\images\image_0951.png,58,140,34,381
..\Downloads\train\images\image_0001.png,55,136,75,383
..\Downloads\train\images\image_0790.png,57,139,77,356
..\Downloads\train\images\image_0439.png,57,110,72,381
..\Downloads\train\images\image_0769.png,55,137,31,386
..\Downloads\train\images\image_0562.jpg,53,158,82,382
..\Downloads\train\images\image_0656.jpg,57,134,80,380
..\Downloads\train\images\image_0267.png,55,125,73,384
..\Downloads\train\images\image_0144.png,47,119,34,366
..\Downloads\train\images\image_0647.png,51,137,18,363
..\Downloads\train\images\image_0955.png,62,107,27,373
..\Downloads\train_20210106\images\image_0333.jpg,57,136,78,382
..\Downloads\train\images\image_0931.png,63,122,27,384
..\Downloads\train\images\image_0915.png,64,135,37,369
..\Downloads\train_20210106\images\image_0117.png,73,142,80,380
..\Downloads\train_20210106\images\image_0081.png,57,130,73,385
..\Downloads\train\images\image_0142.png,63,126,33,382
..\Downloads\train\images\image_0181.jpg,61,135,78,368
..\Downloads\train\images\image_0166.jpg,38,146,28,379
..\Downloads\train\images\image_0845.png,50,148,36,368
..\Downloads\train\images\image_0120.png,55,158,35,384
..\Downloads\train\images\image_0824.png,47,139,77,371
..\Downloads\train\images\image_0331.png,50,125,76,365
..\Downloads\train\images\image_0767.png,63,137,37,377
..\Downloads\train\images\image_0650.jpg,53,135,80,385
..\Downloads\train_20210106\images\image_0093.png,74,126,81,378
..\Downloads\train\images\image_0438.png,62,107,26,365
..\Downloads\train_20210106\images\image_0354.jpg,55,139,28,376
..\Downloads\train_20210106\images\image_0020.png,75,117,32,384
..\Downloads\train_20210106\images\image_0005.png,50,120,81,383
..\Downloads\train\images\image_0722.png,59,120,79,384
..\Downloads\train\images\image_0345.png,55,122,76,383
..\Downloads\train\images\image_0898.png,57,127,75,363
..\Downloads\train_20210106\images\image_0261.jpg,51,139,78,385
..\Downloads\train\images\image_0734.png,65,108,82,380
..\Downloads\train_20210106\images\image_0305.jpg,60,145,77,371
..\Downloads\train\images\image_0963.png,59,127,23,385
..\Downloads\train\images\image_0380.png,53,155,24,384
..\Downloads\train_20210106\images\image_0405.jpg,38,137,84,383
..\Downloads\train\images\image_0631.jpg,51,153,35,383
..\Downloads\train\images\image_0590.jpg,62,139,74,370
..\Downloads\train\images\image_0939.png,58,138,23,367
..\Downloads\train_20210106\images\image_0084.png,59,126,31,384
..\Downloads\train_20210106\images\image_0135.png,54,154,79,377
..\Downloads\train_20210106\images\image_0014.png,62,122,33,368
..\Downloads\train\images\image_0006.png,56,147,29,383
..\Downloads\train\images\image_0136.png,57,119,35,383
..\Downloads\train\images\image_0786.png,55,139,90,384
..\Downloads\train_20210106\images\image_0170.jpg,48,192,34,384
..\Downloads\train\images\image_0038.png,59,117,23,385
..\Downloads\train_20210106\images\image_0341.jpg,66,142,89,383
..\Downloads\train\images\image_0309.png,53,133,77,383
..\Downloads\train\images\image_0516.png,56,129,40,365
..\Downloads\train\images\image_0726.png,59,154,82,384
..\Downloads\train\images\image_0226.jpg,58,144,80,384
..\Downloads\train\images\image_0704.png,51,116,71,381
..\Downloads\train_20210106\images\image_0078.png,46,161,26,372
..\Downloads\train\images\image_0436.png,53,145,30,384
..\Downloads\train_20210106\images\image_0275.jpg,56,135,85,385
..\Downloads\train_20210106\images\image_0133.png,63,159,89,383
..\Downloads\train\images\image_0045.png,57,126,77,381
..\Downloads\train\images\image_0413.png,69,132,28,381
..\Downloads\train_20210106\images\image_0179.jpg,49,135,76,386
..\Downloads\train\images\image_0511.png,65,140,79,382
..\Downloads\train\images\image_0785.png,46,134,37,377
..\Downloads\train\images\image_0761.png,42,119,36,376
..\Downloads\train_20210106\images\image_0368.jpg,64,131,37,368
..\Downloads\train_20210106\images\image_0271.jpg,71,159,73,383
..\Downloads\train\images\image_0076.png,60,129,33,382
..\Downloads\train\images\image_0482.png,55,137,79,383
..\Downloads\train_20210106\images\image_0099.png,51,154,93,382
..\Downloads\train\images\image_0702.png,48,141,76,382
..\Downloads\train\images\image_0901.png,59,123,25,383
..\Downloads\train_20210106\images\image_0363.jpg,58,138,70,372
..\Downloads\train\images\image_0094.png,57,142,52,372
..\Downloads\train\images\image_0738.png,56,144,82,368
..\Downloads\train\images\image_0801.png,60,150,31,358
..\Downloads\train\images\image_0882.png,76,137,76,382
..\Downloads\train_20210106\images\image_0104.png,58,139,31,383
..\Downloads\train_20210106\images\image_0272.jpg,51,159,31,383
..\Downloads\train\images\image_0472.png,54,150,77,384
..\Downloads\train\images\image_0104.png,56,138,32,384
..\Downloads\train\images\image_0861.png,61,123,30,379
..\Downloads\train\images\image_0396.JPG,58,139,31,384
..\Downloads\train\images\image_0059.png,55,115,78,383
..\Downloads\train\images\image_0583.jpg,52,103,35,384
..\Downloads\train\images\image_0162.png,56,141,30,382
..\Downloads\train_20210106\images\image_0339.jpg,68,146,79,374
..\Downloads\train\images\image_0112.png,50,151,19,380
..\Downloads\train_20210106\images\image_0240.jpg,61,139,77,383
..\Downloads\train_20210106\images\image_0214.jpg,61,103,79,382
..\Downloads\train\images\image_0611.jpg,38,134,29,379
..\Downloads\train\images\image_0957.png,58,140,25,380
..\Downloads\train_20210106\images\image_0283.jpg,68,137,76,381
..\Downloads\train\images\image_0908.png,58,118,74,383
..\Downloads\train\images\image_0570.jpg,49,127,66,348
..\Downloads\train\images\image_0497.png,59,155,83,383
..\Downloads\train_20210106\images\image_0366.jpg,56,134,29,385
..\Downloads\train\images\image_0257.png,64,106,35,386
..\Downloads\train_20210106\images\image_0021.png,48,134,80,383
..\Downloads\train\images\image_0796.png,60,125,84,382
..\Downloads\train\images\image_0869.png,58,123,28,381
..\Downloads\train\images\image_0683.png,49,125,44,366
..\Downloads\train\images\image_0581.jpg,55,161,30,385
..\Downloads\train\images\image_0363.png,73,140,71,369
..\Downloads\train\images\image_0034.png,60,145,31,382
..\Downloads\train\images\image_0672.png,58,138,71,384
..\Downloads\train\images\image_0737.png,37,151,37,381
..\Downloads\train\images\image_0902.png,67,136,62,378
..\Downloads\train\images\image_0185.jpg,64,175,86,383
..\Downloads\train_20210106\images\image_0257.jpg,51,131,90,385
..\Downloads\train\images\image_0889.png,61,127,30,376
..\Downloads\train\images\image_0296.png,42,150,24,381
..\Downloads\train\images\image_0614.jpg,63,150,82,368
..\Downloads\train\images\image_0289.png,53,133,80,384
..\Downloads\train\images\image_0275.png,58,136,73,381
..\Downloads\train_20210106\images\image_0045.png,62,135,79,383
..\Downloads\train\images\image_0218.jpg,52,138,79,381
..\Downloads\train\images\image_0393.JPG,63,137,78,383
..\Downloads\train\images\image_0642.jpg,55,133,79,384
..\Downloads\train_20210106\images\image_0318.jpg,59,120,45,373
..\Downloads\train_20210106\images\image_0046.png,64,125,28,380
..\Downloads\train\images\image_0872.png,58,162,72,383
..\Downloads\train\images\image_0720.png,69,118,78,384
..\Downloads\train\images\image_0888.png,56,154,80,371
..\Downloads\train\images\image_0422.png,57,146,32,370
..\Downloads\train\images\image_0695.png,55,120,34,383
..\Downloads\train_20210106\images\image_0013.png,52,122,79,385
..\Downloads\train\images\image_0714.png,53,108,87,381
..\Downloads\train\images\image_0216.jpg,66,138,81,382
..\Downloads\train_20210106\images\image_0334.jpg,60,118,37,379
..\Downloads\train\images\image_0491.png,55,157,42,367
..\Downloads\train_20210106\images\image_0132.png,59,118,29,366
..\Downloads\train\images\image_0906.png,58,137,71,383
..\Downloads\train_20210106\images\image_0194.jpg,63,146,27,383
..\Downloads\train\images\image_0884.png,64,123,69,381
..\Downloads\train\images\image_0448.png,65,137,23,384
..\Downloads\train\images\image_0285.png,56,141,77,359
..\Downloads\train\images\image_0217.jpg,57,139,25,373
..\Downloads\train\images\image_0760.png,46,124,72,380
..\Downloads\train\images\image_0369.png,73,151,75,377
..\Downloads\train_20210106\images\image_0048.png,61,138,38,381
..\Downloads\train\images\image_0537.png,56,152,40,383
..\Downloads\train\images\image_0080.png,61,136,30,381
..\Downloads\train\images\image_0546.jpg,50,121,82,381
..\Downloads\train_20210106\images\image_0338.jpg,60,131,32,382
..\Downloads\train\images\image_0806.png,43,120,76,380
..\Downloads\train_20210106\images\image_0388.jpg,60,136,30,383
..\Downloads\train\images\image_0860.png,59,125,77,382
..\Downloads\train_20210106\images\image_0051.png,57,153,82,382
..\Downloads\train_20210106\images\image_0001.png,56,119,82,383
..\Downloads\train\images\image_0274.png,50,154,27,369
..\Downloads\train_20210106\images\image_0110.png,56,170,31,370
..\Downloads\train_20210106\images\image_0009.png,65,186,80,384
..\Downloads\train\images\image_0601.jpg,34,145,28,382
..\Downloads\train_20210106\images\image_0012.png,65,142,34,383
..\Downloads\train\images\image_0326.png,65,134,31,384
..\Downloads\train\images\image_0633.jpg,32,147,30,383
..\Downloads\train_20210106\images\image_0105.png,58,108,85,379
..\Downloads\train_20210106\images\image_0218.jpg,62,136,86,384
..\Downloads\train\images\image_0115.png,56,139,67,378
..\Downloads\train\images\image_0394.JPG,68,120,30,384
..\Downloads\train_20210106\images\image_0023.png,61,154,72,366
..\Downloads\train_20210106\images\image_0253.jpg,72,153,84,381
..\Downloads\train_20210106\images\image_0209.jpg,61,123,75,366
..\Downloads\train_20210106\images\image_0064.png,57,152,31,378
..\Downloads\train\images\image_0178.jpg,57,119,31,380
..\Downloads\train\images\image_0875.png,59,138,23,385
..\Downloads\train\images\image_0116.png,56,137,19,377
..\Downloads\train\images\image_0049.png,69,143,74,384
..\Downloads\train_20210106\images\image_0300.jpg,55,147,26,383
..\Downloads\train\images\image_0606.jpg,52,124,92,363
..\Downloads\train\images\image_0572.png,52,131,77,385
..\Downloads\train\images\image_0233.png,58,136,33,380
..\Downloads\train\images\image_0106.png,62,120,37,380
..\Downloads\train_20210106\images\image_0348.jpg,53,152,36,386
..\Downloads\train_20210106\images\image_0390.jpg,61,100,36,380
..\Downloads\train\images\image_0447.png,54,128,75,383
..\Downloads\train_20210106\images\image_0359.jpg,77,149,80,382
..\Downloads\train_20210106\images\image_0404.jpg,66,137,30,382
..\Downloads\train\images\image_0357.png,61,142,92,381
..\Downloads\train\images\image_0148.png,67,130,52,376
..\Downloads\train\images\image_0823.png,68,137,26,383
..\Downloads\train\images\image_0086.png,61,140,26,366
..\Downloads\train\images\image_0674.png,56,133,80,383
..\Downloads\train_20210106\images\image_0221.jpg,55,151,27,361
..\Downloads\train\images\image_0211.jpg,56,140,22,381
..\Downloads\train\images\image_0428.png,49,141,33,383
..\Downloads\train\images\image_0564.jpg,52,154,71,384
..\Downloads\train_20210106\images\image_0211.jpg,59,120,70,378
..\Downloads\train\images\image_0130.png,63,140,29,377
..\Downloads\train_20210106\images\image_0130.png,60,153,23,382
..\Downloads\train\images\image_0514.png,64,135,25,384
..\Downloads\train\images\image_0213.png,53,146,25,383
..\Downloads\train_20210106\images\image_0285.jpg,63,126,88,384
..\Downloads\train_20210106\images\image_0137.png,58,160,79,377
..\Downloads\train\images\image_0560.jpg,53,137,76,381
..\Downloads\train\images\image_0101.png,54,136,85,383
..\Downloads\train\images\image_0005.png,58,147,85,381
..\Downloads\train_20210106\images\image_0370.jpg,57,132,27,380
..\Downloads\train\images\image_0788.png,40,121,84,382
..\Downloads\train_20210106\images\image_0126.png,58,140,31,382
..\Downloads\train_20210106\images\image_0376.jpg,53,138,37,381
..\Downloads\train\images\image_0665.png,53,151,34,377
..\Downloads\train_20210106\images\image_0062.png,65,141,38,384
..\Downloads\train\images\image_0988.png,46,120,84,382
..\Downloads\train_20210106\images\image_0057.png,45,135,70,382
..\Downloads\train\images\image_0878.png,58,110,71,382
..\Downloads\train\images\image_0559.jpg,62,136,35,382
..\Downloads\train\images\image_0042.png,60,123,25,383
..\Downloads\train\images\image_0609.jpg,31,138,26,382
..\Downloads\train\images\image_0479.png,61,120,45,362
..\Downloads\train_20210106\images\image_0165.jpg,65,134,86,381
..\Downloads\train_20210106\images\image_0074.png,61,122,35,381
..\Downloads\train\images\image_0545.jpg,60,137,31,381
..\Downloads\train\images\image_0058.png,46,103,40,353
..\Downloads\train\images\image_0783.png,67,123,30,383
..\Downloads\train\images\image_0513.png,52,140,85,379
..\Downloads\train\images\image_0566.png,50,123,84,380
..\Downloads\train\images\image_0445.png,55,124,74,365
..\Downloads\train\images\image_0342.png,59,110,29,383
..\Downloads\train\images\image_0055.png,48,108,87,384
..\Downloads\train_20210106\images\image_0092.png,57,143,35,379
..\Downloads\train\images\image_0230.png,54,120,81,386
..\Downloads\train_20210106\images\image_0098.png,64,104,35,367
..\Downloads\train\images\image_0487.png,54,139,37,383
..\Downloads\train\images\image_0977.png,72,138,29,381
..\Downloads\train\images\image_0401.JPG,52,144,23,384
..\Downloads\train_20210106\images\image_0216.jpg,58,133,81,383
..\Downloads\train\images\image_0771.png,52,140,33,381
..\Downloads\train\images\image_0052.png,54,140,36,368
..\Downloads\train\images\image_0015.png,56,137,82,384
..\Downloads\train\images\image_0082.png,59,141,29,368
..\Downloads\train_20210106\images\image_0003.png,61,175,81,384
..\Downloads\train\images\image_0198.jpg,75,103,76,366
..\Downloads\train_20210106\images\image_0199.jpg,51,147,70,353
..\Downloads\train\images\image_0107.png,68,159,71,378
..\Downloads\train\images\image_0763.png,49,116,34,375
..\Downloads\train\images\image_0494.png,54,143,73,348
..\Downloads\train\images\image_0974.png,63,119,74,382
..\Downloads\train\images\image_0548.png,51,148,73,385
..\Downloads\train\images\image_0768.png,71,133,78,384
..\Downloads\train\images\image_0078.png,63,104,19,378
..\Downloads\train_20210106\images\image_0249.jpg,56,138,31,383
..\Downloads\train\images\image_0993.png,61,138,34,381
..\Downloads\train_20210106\images\image_0419.jpg,60,135,70,381
..\Downloads\train\images\image_0617.jpg,50,139,37,384
..\Downloads\train_20210106\images\image_0056.png,55,153,30,383
..\Downloads\train_20210106\images\image_0069.png,58,118,77,384
..\Downloads\train_20210106\images\image_0392.jpg,53,169,38,384
..\Downloads\train\images\image_0067.png,52,155,78,374
..\Downloads\train\images\image_0922.png,61,138,75,382
..\Downloads\train\images\image_0620.jpg,53,120,58,368
..\Downloads\train_20210106\images\image_0251.jpg,47,136,76,384
..\Downloads\train\images\image_0980.png,63,137,38,381
..\Downloads\train\images\image_0613.jpg,71,120,24,382
..\Downloads\train\images\image_0252.png,52,110,81,381
..\Downloads\train\images\image_0798.png,57,106,78,377
..\Downloads\train\images\image_0643.jpg,57,135,33,369
..\Downloads\train\images\image_0705.png,55,108,37,381
..\Downloads\train_20210106\images\image_0411.jpg,52,155,78,379
..\Downloads\train\images\image_0640.jpg,52,116,94,382
..\Downloads\train\images\image_0431.png,55,103,71,384
..\Downloads\train_20210106\images\image_0330.jpg,66,103,36,367
..\Downloads\train\images\image_0837.png,63,132,30,376
..\Downloads\train\images\image_0855.png,63,123,29,379
..\Downloads\train_20210106\images\image_0377.jpg,60,144,80,381
..\Downloads\train_20210106\images\image_0108.png,60,155,20,385
..\Downloads\train\images\image_0892.png,59,136,69,368
..\Downloads\train\images\image_0007.png,52,120,67,368
..\Downloads\train\images\image_0103.png,54,128,79,382
..\Downloads\train\images\image_0565.jpg,62,151,43,367
..\Downloads\train\images\image_0077.png,52,104,80,385
..\Downloads\train\images\image_0670.png,68,152,81,383
..\Downloads\train_20210106\images\image_0120.png,58,136,32,377
..\Downloads\train\images\image_0203.jpg,38,118,82,380
..\Downloads\train\images\image_0328.png,52,161,27,381
..\Downloads\train\images\image_0678.png,60,138,78,384
..\Downloads\train\images\image_0194.png,71,119,33,382
..\Downloads\train\images\image_0896.png,69,139,77,362
..\Downloads\train\images\image_0518.png,62,120,31,381
..\Downloads\train_20210106\images\image_0027.png,56,109,76,382
..\Downloads\train\images\image_0765.png,56,135,28,386
..\Downloads\train\images\image_0574.png,54,153,80,382
..\Downloads\train_20210106\images\image_0408.jpg,65,139,41,375
..\Downloads\train_20210106\images\image_0164.jpg,56,137,30,385
..\Downloads\train\images\image_0781.png,57,154,40,384
..\Downloads\train\images\image_0219.jpg,60,140,36,382
..\Downloads\train\images\image_0858.png,49,155,90,384
..\Downloads\train\images\image_0064.png,66,119,31,375
..\Downloads\train\images\image_0403.JPG,60,141,22,382
..\Downloads\train\images\image_0712.png,56,145,80,381
..\Downloads\train\images\image_0654.jpg,59,155,78,385
..\Downloads\train_20210106\images\image_0308.jpg,61,104,34,383
..\Downloads\train\images\image_0681.png,55,131,31,381
..\Downloads\train\images\image_0199.jpg,54,117,85,373
..\Downloads\train\images\image_0284.png,66,122,33,377
..\Downloads\train\images\image_0273.png,50,154,78,383
..\Downloads\train\images\image_0512.png,64,140,23,377
..\Downloads\train\images\image_0300.png,58,107,30,382
..\Downloads\train\images\image_0733.png,47,153,43,366
..\Downloads\train\images\image_0964.png,58,137,73,366
..\Downloads\train_20210106\images\image_0032.png,52,137,30,382
..\Downloads\train\images\image_0755.png,56,124,36,385
..\Downloads\train\images\image_0066.png,59,129,26,370
..\Downloads\train\images\image_0612.jpg,45,121,89,382
..\Downloads\train_20210106\images\image_0328.jpg,62,135,37,367
..\Downloads\train\images\image_0822.png,51,132,85,370
..\Downloads\train\images\image_0795.png,51,143,31,383
..\Downloads\train_20210106\images\image_0324.jpg,46,105,31,383
..\Downloads\train_20210106\images\image_0380.jpg,62,121,33,382
..\Downloads\train\images\image_0232.png,70,136,84,374
..\Downloads\train\images\image_0051.png,62,154,78,374
..\Downloads\train\images\image_0811.png,54,134,16,381
..\Downloads\train\images\image_0535.png,64,134,42,369
..\Downloads\train\images\image_0424.png,66,122,39,368
..\Downloads\train\images\image_0027.png,47,136,74,383
..\Downloads\train\images\image_0679.png,56,137,29,383
..\Downloads\train\images\image_0269.png,67,139,79,386
..\Downloads\train\images\image_0756.png,51,139,78,384
..\Downloads\train\images\image_0682.png,58,122,77,364
..\Downloads\train\images\image_0577.png,61,139,29,379
..\Downloads\train\images\image_0671.png,58,148,32,384
..\Downloads\train\images\image_0206.jpg,57,155,82,382
..\Downloads\train\images\image_0382.png,63,142,23,381
..\Downloads\train\images\image_0043.png,62,102,90,380
..\Downloads\train_20210106\images\image_0031.png,62,141,77,381
..\Downloads\train\images\image_0254.png,48,110,79,383
..\Downloads\train\images\image_0525.png,63,138,42,382
..\Downloads\train\images\image_0833.png,73,129,36,355
..\Downloads\train\images\image_0854.png,52,127,76,381
..\Downloads\train_20210106\images\image_0215.jpg,53,102,30,383
..\Downloads\train\images\image_0480.png,67,139,77,381
..\Downloads\train\images\image_0126.png,58,145,29,381
..\Downloads\train\images\image_0323.png,59,169,87,383
..\Downloads\train_20210106\images\image_0355.jpg,64,134,78,384
..\Downloads\train\images\image_0952.png,64,108,85,384
..\Downloads\train\images\image_0770.png,57,138,73,367
..\Downloads\train\images\image_0449.png,57,123,78,381
..\Downloads\train\images\image_0085.png,43,124,81,352
..\Downloads\train_20210106\images\image_0040.png,58,136,26,383
..\Downloads\train\images\image_0580.jpg,74,159,80,383
..\Downloads\train\images\image_0313.png,56,138,70,365
..\Downloads\train\images\image_0923.png,61,142,28,380
..\Downloads\train\images\image_0111.png,69,152,84,382
..\Downloads\train\images\image_0204.jpg,71,124,23,377
..\Downloads\train_20210106\images\image_0181.jpg,59,118,81,379
..\Downloads\train\images\image_0940.png,55,133,82,383
..\Downloads\train_20210106\images\image_0276.jpg,63,138,31,383
..\Downloads\train_20210106\images\image_0018.png,58,102,34,381
..\Downloads\train_20210106\images\image_0155.jpg,67,141,69,383
..\Downloads\train\images\image_0624.png,61,157,88,384
..\Downloads\train_20210106\images\image_0004.png,53,179,32,381
..\Downloads\train_20210106\images\image_0227.jpg,63,118,38,383
..\Downloads\train\images\image_0084.png,68,124,40,376
..\Downloads\train\images\image_0157.png,65,146,80,384
..\Downloads\train_20210106\images\image_0316.jpg,62,137,30,384
..\Downloads\train\images\image_0415.png,76,132,21,378
..\Downloads\train_20210106\images\image_0409.jpg,49,137,71,369
..\Downloads\train\images\image_0373.png,68,122,75,384
..\Downloads\train\images\image_0287.png,51,130,76,383
..\Downloads\train\images\image_0102.png,60,136,24,383
..\Downloads\train\images\image_0630.jpg,66,162,86,383
..\Downloads\train\images\image_0349.png,60,135,75,382
..\Downloads\train\images\image_0395.JPG,40,137,67,382
..\Downloads\train\images\image_0979.png,62,136,37,383
..\Downloads\train_20210106\images\image_0400.jpg,64,107,34,383
..\Downloads\train\images\image_0697.png,57,120,38,382
..\Downloads\train_20210106\images\image_0418.jpg,62,106,38,383
..\Downloads\train\images\image_0320.png,54,138,22,383
..\Downloads\train\images\image_0646.png,75,138,64,383
..\Downloads\train\images\image_0146.png,58,114,32,381
..\Downloads\train_20210106\images\image_0327.jpg,69,135,67,367
..\Downloads\train_20210106\images\image_0195.jpg,52,127,75,370
..\Downloads\train\images\image_0996.png,57,141,77,383
..\Downloads\train\images\image_0945.png,64,132,31,370
..\Downloads\train\images\image_0140.png,64,143,36,382
..\Downloads\train_20210106\images\image_0258.jpg,52,140,27,384
..\Downloads\train\images\image_0093.png,69,150,73,377
..\Downloads\train_20210106\images\image_0385.jpg,56,148,84,385
..\Downloads\train\images\image_0060.png,63,109,35,376
..\Downloads\train\images\image_0293.png,53,138,82,376
..\Downloads\train\images\image_0690.png,47,118,83,384
..\Downloads\train\images\image_0341.png,56,124,84,383
..\Downloads\train\images\image_0891.png,62,117,34,379
..\Downloads\train\images\image_0359.png,53,124,80,384
..\Downloads\train\images\image_0390.png,59,121,35,383
..\Downloads\train\images\image_0069.png,57,148,85,382
..\Downloads\train_20210106\images\image_0319.jpg,78,121,83,381
..\Downloads\train\images\image_0662.jpg,57,152,66,382
..\Downloads\train\images\image_0536.png,55,155,79,370
..\Downloads\train\images\image_0179.jpg,67,125,77,376
..\Downloads\train_20210106\images\image_0322.jpg,69,127,39,374
..\Downloads\train_20210106\images\image_0034.png,59,137,31,383
..\Downloads\train\images\image_0371.png,63,118,81,382
..\Downloads\train_20210106\images\image_0362.jpg,56,119,34,385
..\Downloads\train_20210106\images\image_0070.png,63,119,28,382
..\Downloads\train\images\image_0639.jpg,46,118,40,383
..\Downloads\train\images\image_0660.jpg,57,138,78,383
..\Downloads\train\images\image_0972.png,60,134,76,386
..\Downloads\train\images\image_0941.png,59,143,29,385
..\Downloads\train_20210106\images\image_0094.png,49,144,29,375
..\Downloads\train_20210106\images\image_0025.png,55,104,75,383
..\Downloads\train\images\image_0239.png,65,121,41,383
..\Downloads\train\images\image_0787.png,54,121,30,370
..\Downloads\train_20210106\images\image_0063.png,70,134,72,382
..\Downloads\train\images\image_0635.jpg,56,137,34,381
..\Downloads\train\images\image_0416.png,53,138,82,376
..\Downloads\train\images\image_0033.png,58,149,82,380
..\Downloads\train_20210106\images\image_0184.jpg,50,157,23,383
..\Downloads\train_20210106\images\image_0332.jpg,60,138,27,382
..\Downloads\train\images\image_0815.png,55,143,34,382
..\Downloads\train\images\image_0087.png,46,115,57,354
..\Downloads\train_20210106\images\image_0072.png,54,127,34,382
..\Downloads\train\images\image_0543.jpg,60,118,33,382
..\Downloads\train_20210106\images\image_0042.png,58,157,37,379
..\Downloads\train_20210106\images\image_0052.png,57,151,39,380
..\Downloads\train\images\image_0340.png,56,136,23,381
..\Downloads\train\images\image_0727.png,55,154,36,381
..\Downloads\train_20210106\images\image_0311.jpg,56,144,76,362
..\Downloads\train_20210106\images\image_0161.jpg,62,139,76,374
..\Downloads\train\images\image_0442.png,48,138,30,380
..\Downloads\train_20210106\images\image_0188.jpg,56,136,34,381
..\Downloads\train\images\image_0332.png,65,126,36,356
..\Downloads\train\images\image_0848.png,73,133,80,381
..\Downloads\train\images\image_0731.png,50,105,35,385
..\Downloads\train\images\image_0744.png,50,137,76,373
..\Downloads\train\images\image_0501.png,57,113,69,362
..\Downloads\train_20210106\images\image_0273.jpg,53,140,69,351
..\Downloads\train\images\image_0976.png,72,153,87,366
..\Downloads\train\images\image_0827.png,53,138,28,384
..\Downloads\train\images\image_0223.jpg,68,118,31,381
..\Downloads\train_20210106\images\image_0091.png,57,135,65,365
..\Downloads\train_20210106\images\image_0044.png,56,129,25,380
..\Downloads\train\images\image_0139.png,63,133,82,380
..\Downloads\train\images\image_0483.png,55,138,28,381
..\Downloads\train_20210106\images\image_0147.png,56,141,89,384
..\Downloads\train\images\image_0856.png,56,142,75,367
..\Downloads\train\images\image_0476.png,58,130,76,377
..\Downloads\train_20210106\images\image_0101.png,59,144,65,364
..\Downloads\train\images\image_0118.png,58,144,28,384
..\Downloads\train\images\image_0932.png,68,137,81,384
..\Downloads\train\images\image_0648.jpg,56,148,72,376
..\Downloads\train\images\image_0607.jpg,38,121,22,369
..\Downloads\train_20210106\images\image_0043.png,56,134,77,384
..\Downloads\train\images\image_0385.png,60,110,76,383
..\Downloads\train\images\image_0724.png,68,137,84,383
..\Downloads\train\images\image_0937.png,59,110,35,383
..\Downloads\train\images\image_0610.jpg,62,132,74,383
..\Downloads\train\images\image_0762.png,46,118,69,383
..\Downloads\train\images\image_0062.png,59,122,30,376
..\Downloads\train_20210106\images\image_0386.jpg,54,140,39,382
..\Downloads\train\images\image_0108.png,58,142,36,364
..\Downloads\train\images\image_0048.png,49,159,31,369
..\Downloads\train_20210106\images\image_0112.png,56,135,31,377
..\Downloads\train_20210106\images\image_0284.jpg,62,137,34,383
..\Downloads\train\images\image_0538.png,58,146,74,371
..\Downloads\train\images\image_0246.png,52,101,59,366
..\Downloads\train\images\image_0105.png,47,137,77,381
..\Downloads\train_20210106\images\image_0314.jpg,53,145,30,370
..\Downloads\train\images\image_0307.png,55,131,86,383
..\Downloads\train_20210106\images\image_0302.jpg,54,144,31,385
..\Downloads\train\images\image_0410.JPG,51,118,78,381
..\Downloads\train_20210106\images\image_0329.jpg,62,125,88,384
..\Downloads\train\images\image_0346.png,64,118,29,383
..\Downloads\train\images\image_0651.jpg,54,138,35,384
..\Downloads\train_20210106\images\image_0186.jpg,59,139,39,386
..\Downloads\train_20210106\images\image_0088.png,52,140,31,383
..\Downloads\train_20210106\images\image_0143.png,60,123,71,384
..\Downloads\train_20210106\images\image_0124.png,60,136,24,369
..\Downloads\train\images\image_0099.png,55,169,73,381
..\Downloads\train\images\image_0986.png,44,137,81,382
..\Downloads\train\images\image_0599.jpg,54,107,32,382
..\Downloads\train\images\image_0316.png,63,122,31,381
..\Downloads\train\images\image_0128.png,52,139,29,380
..\Downloads\train\images\image_0605.jpg,60,136,17,381
..\Downloads\train\images\image_0492.png,54,139,77,383
..\Downloads\train_20210106\images\image_0274.jpg,60,140,41,353
..\Downloads\train\images\image_0644.jpg,56,135,81,383
..\Downloads\train\images\image_0928.png,43,142,73,379
..\Downloads\train\images\image_0419.png,66,136,31,379
..\Downloads\train\images\image_0291.png,62,123,72,381
..\Downloads\train\images\image_0265.png,67,135,78,372
..\Downloads\train_20210106\images\image_0123.png,63,138,75,369
..\Downloads\train\images\image_0879.png,59,105,29,383
..\Downloads\train_20210106\images\image_0026.png,64,106,23,383
..\Downloads\train_20210106\images\image_0382.jpg,54,144,38,385
..\Downloads\train\images\image_0298.png,65,136,35,367
..\Downloads\train\images\image_0582.jpg,50,103,77,383
..\Downloads\train\images\image_0649.jpg,38,146,49,365
..\Downloads\train_20210106\images\image_0346.jpg,63,137,32,367
..\Downloads\train_20210106\images\image_0189.jpg,54,175,90,385
..\Downloads\train_20210106\images\image_0263.jpg,57,112,86,378
..\Downloads\train\images\image_0810.png,64,136,91,382
..\Downloads\train\images\image_0121.png,56,119,76,383
..\Downloads\train_20210106\images\image_0309.jpg,52,153,73,383
..\Downloads\train\images\image_0966.png,66,123,68,378
..\Downloads\train\images\image_0337.png,64,136,83,381
..\Downloads\train\images\image_0759.png,60,136,33,376
..\Downloads\train_20210106\images\image_0337.jpg,59,131,78,381
..\Downloads\train\images\image_0677.png,35,131,28,383
..\Downloads\train_20210106\images\image_0321.jpg,69,132,80,372
..\Downloads\train\images\image_0985.png,63,113,42,381
..\Downloads\train_20210106\images\image_0265.jpg,52,150,79,363
..\Downloads\train_20210106\images\image_0050.png,54,157,33,385
..\Downloads\train\images\image_0817.png,58,140,40,367
..\Downloads\train\images\image_0773.png,49,128,45,370
..\Downloads\train_20210106\images\image_0198.jpg,60,125,29,384
..\Downloads\train_20210106\images\image_0296.jpg,56,138,35,380
..\Downloads\train\images\image_0550.jpg,58,134,83,386
..\Downloads\train\images\image_0664.png,59,152,73,367
..\Downloads\train\images\image_0544.jpg,49,137,80,383
..\Downloads\train\images\image_0324.png,56,162,33,370
..\Downloads\train_20210106\images\image_0219.jpg,56,126,26,385
..\Downloads\train\images\image_0805.png,40,136,28,382
..\Downloads\train\images\image_0244.png,68,143,85,379
..\Downloads\train\images\image_0495.png,58,144,32,368
..\Downloads\train\images\image_0423.png,64,130,78,385
..\Downloads\train\images\image_0308.png,67,123,25,382
..\Downloads\train_20210106\images\image_0391.jpg,61,148,82,376
..\Downloads\train_20210106\images\image_0142.png,60,140,30,370
..\Downloads\train\images\image_0319.png,61,146,81,384
..\Downloads\train\images\image_0694.png,57,131,77,374
..\Downloads\train\images\image_0344.png,57,142,32,369
..\Downloads\train\images\image_0469.png,48,144,83,384
..\Downloads\train\images\image_0699.png,58,118,34,385
..\Downloads\train\images\image_0949.png,58,132,31,383
..\Downloads\train_20210106\images\image_0107.png,51,137,84,381
..\Downloads\train_20210106\images\image_0424.jpg,55,147,36,385
..\Downloads\train_20210106\images\image_0114.png,53,134,23,377
..\Downloads\train\images\image_0456.png,60,121,32,379
..\Downloads\train_20210106\images\image_0083.png,60,140,74,369
..\Downloads\train\images\image_0834.png,65,114,84,383
..\Downloads\train\images\image_0802.png,47,121,84,383
..\Downloads\train\images\image_0405.JPG,59,139,18,384
..\Downloads\train\images\image_0735.png,59,107,28,382
..\Downloads\train\images\image_0074.png,70,135,33,372
..\Downloads\train\images\image_0020.png,56,138,33,385
..\Downloads\train\images\image_0930.png,50,124,80,382
..\Downloads\train\images\image_0444.png,54,137,31,383
..\Downloads\train_20210106\images\image_0049.png,60,151,85,385
..\Downloads\train_20210106\images\image_0231.jpg,61,122,34,382
..\Downloads\train_20210106\images\image_0259.jpg,63,157,71,380
..\Downloads\train\images\image_0186.jpg,55,173,26,381
..\Downloads\train\images\image_0245.png,54,143,26,378
..\Downloads\train\images\image_0842.png,66,132,83,384
..\Downloads\train\images\image_0528.png,61,140,79,366
..\Downloads\train\images\image_0365.png,70,123,71,367
..\Downloads\train\images\image_0350.png,52,142,28,384
..\Downloads\train\images\image_0838.png,52,128,72,381
..\Downloads\train\images\image_0376.png,60,148,28,379
..\Downloads\train\images\image_0030.png,57,136,18,370
..\Downloads\train_20210106\images\image_0193.jpg,64,148,75,382
..\Downloads\train_20210106\images\image_0149.png,60,155,87,381
..\Downloads\train_20210106\images\image_0022.png,60,126,26,383
..\Downloads\train_20210106\images\image_0168.jpg,60,146,38,358
..\Downloads\train\images\image_0318.png,53,151,34,367
..\Downloads\train_20210106\images\image_0090.png,57,136,25,384
..\Downloads\train\images\image_0145.png,73,114,66,365
..\Downloads\train\images\image_0454.png,59,117,33,384
..\Downloads\train\images\image_0991.png,65,142,29,383
..\Downloads\train_20210106\images\image_0413.jpg,43,118,75,361
..\Downloads\train\images\image_0794.png,62,138,81,381
..\Downloads\train\images\image_0813.png,59,153,31,380
..\Downloads\train_20210106\images\image_0131.png,54,124,71,362
..\Downloads\train\images\image_0290.png,66,121,35,385
..\Downloads\train\images\image_0693.png,55,116,36,383
..\Downloads\train\images\image_0277.png,56,115,76,366
..\Downloads\train_20210106\images\image_0011.png,53,134,63,375
..\Downloads\train\images\image_0278.png,63,108,36,374
..\Downloads\train\images\image_0100.png,66,148,33,383
..\Downloads\train\images\image_0241.png,60,139,24,384
..\Downloads\train\images\image_0997.png,56,146,30,383
..\Downloads\train_20210106\images\image_0242.jpg,63,140,79,383
..\Downloads\train\images\image_0965.png,60,136,30,368
..\Downloads\train\images\image_0418.png,45,142,77,366
..\Downloads\train_20210106\images\image_0352.jpg,66,171,37,368
..\Downloads\train_20210106\images\image_0360.jpg,58,139,37,383
..\Downloads\train_20210106\images\image_0024.png,61,139,33,369
..\Downloads\train\images\image_0632.jpg,61,136,80,384
..\Downloads\train\images\image_0709.png,50,144,28,366
..\Downloads\train_20210106\images\image_0148.png,63,137,27,368
..\Downloads\train\images\image_0184.jpg,48,173,31,382
..\Downloads\train_20210106\images\image_0282.jpg,54,141,35,383
..\Downloads\train\images\image_0189.jpg,62,144,86,384
..\Downloads\train_20210106\images\image_0268.jpg,56,181,38,382
..\Downloads\train\images\image_0890.png,62,137,76,380
..\Downloads\train\images\image_0622.jpg,58,129,80,373
..\Downloads\train_20210106\images\image_0351.jpg,71,168,82,382
..\Downloads\train\images\image_0163.png,56,119,76,384
..\Downloads\train_20210106\images\image_0030.png,65,153,38,383
..\Downloads\train\images\image_0187.jpg,64,125,80,378
..\Downloads\train_20210106\images\image_0079.png,58,118,76,383
..\Downloads\train\images\image_0462.png,57,152,32,364
..\Downloads\train_20210106\images\image_0423.jpg,64,149,76,381
..\Downloads\train_20210106\images\image_0058.png,64,142,38,371
..\Downloads\train\images\image_0333.png,49,127,72,382
..\Downloads\train\images\image_0551.jpg,58,135,38,386
..\Downloads\train\images\image_0374.png,53,127,17,383
..\Downloads\train\images\image_0119.png,68,153,85,384
..\Downloads\train\images\image_0224.jpg,61,144,70,380
..\Downloads\train\images\image_0531.png,63,105,33,379
..\Downloads\train\images\image_0849.png,55,138,22,383
..\Downloads\train\images\image_0191.jpg,80,136,78,383
..\Downloads\train\images\image_0636.jpg,61,143,83,383
..\Downloads\train\images\image_0414.png,74,141,73,382
..\Downloads\train\images\image_0746.png,48,139,65,368
..\Downloads\train\images\image_0825.png,66,128,30,376
..\Downloads\train\images\image_0314.png,60,141,26,371
..\Downloads\train\images\image_0793.png,55,154,31,384
..\Downloads\train_20210106\images\image_0353.jpg,65,134,81,368
..\Downloads\train\images\image_0510.png,47,137,39,384
..\Downloads\train\images\image_0717.png,62,156,27,385
..\Downloads\train_20210106\images\image_0067.png,46,129,77,382
..\Downloads\train\images\image_0593.jpg,57,107,41,363
..\Downloads\train\images\image_0441.png,60,132,82,379
..\Downloads\train\images\image_0673.png,57,142,21,385
..\Downloads\train\images\image_0092.png,61,139,35,368
..\Downloads\train\images\image_0911.png,56,134,23,382
..\Downloads\train_20210106\images\image_0239.jpg,64,127,33,372
..\Downloads\train_20210106\images\image_0384.jpg,55,139,43,384
..\Downloads\train\images\image_0334.png,60,138,34,385
..\Downloads\train\images\image_0379.png,76,154,84,384
..\Downloads\train_20210106\images\image_0183.jpg,62,145,86,385
..\Downloads\train\images\image_0201.jpg,53,138,79,383
..\Downloads\train\images\image_0754.png,74,116,75,381
..\Downloads\train\images\image_0839.png,63,114,32,376
..\Downloads\train\images\image_0488.png,68,159,77,364
..\Downloads\train\images\image_0304.png,62,136,34,383
..\Downloads\train_20210106\images\image_0109.png,62,185,82,381
..\Downloads\train_20210106\images\image_0307.jpg,47,107,89,383
..\Downloads\train_20210106\images\image_0347.jpg,69,149,71,385
..\Downloads\train_20210106\images\image_0223.jpg,65,124,34,370
..\Downloads\train\images\image_0779.png,73,132,25,374
..\Downloads\train\images\image_0381.png,52,122,66,382
..\Downloads\train_20210106\images\image_0306.jpg,59,136,30,371
..\Downloads\train\images\image_0618.jpg,63,120,86,354
..\Downloads\train\images\image_0122.png,59,109,35,381
..\Downloads\train\images\image_0377.png,70,140,83,381
..\Downloads\train\images\image_0912.png,68,135,83,386
..\Downloads\train\images\image_0123.png,50,140,85,385
..\Downloads\train_20210106\images\image_0422.jpg,49,154,33,375
..\Downloads\train\images\image_0944.png,69,135,77,369
..\Downloads\train\images\image_0453.png,50,119,90,382
..\Downloads\train\images\image_0864.png,50,137,82,382
..\Downloads\train\images\image_0934.png,41,134,81,382
..\Downloads\train\images\image_0967.png,58,133,30,382
..\Downloads\train_20210106\images\image_0288.jpg,58,119,33,368
..\Downloads\train_20210106\images\image_0167.jpg,61,149,80,384
..\Downloads\train\images\image_0091.png,64,139,78,377
..\Downloads\train\images\image_0971.png,49,171,26,382
..\Downloads\train_20210106\images\image_0202.jpg,47,152,25,382
..\Downloads\train\images\image_0947.png,59,139,39,362
..\Downloads\train\images\image_0897.png,50,138,30,374
..\Downloads\train_20210106\images\image_0096.png,58,128,24,380
..\Downloads\train\images\image_0595.jpg,52,120,36,381
..\Downloads\train_20210106\images\image_0166.jpg,53,132,29,377
..\Downloads\train\images\image_0317.png,60,157,79,380
..\Downloads\train_20210106\images\image_0293.jpg,54,122,83,383
..\Downloads\train_20210106\images\image_0420.jpg,63,158,46,381
..\Downloads\train\images\image_0220.jpg,51,123,68,370
..\Downloads\train\images\image_0505.png,54,123,87,383
..\Downloads\train\images\image_0877.png,46,128,24,382
..\Downloads\train\images\image_0638.jpg,55,106,92,384
..\Downloads\train\images\image_0708.png,60,158,87,382
..\Downloads\train\images\image_0292.png,58,114,33,382
..\Downloads\train\images\image_0195.jpg,64,150,82,375
..\Downloads\train\images\image_0865.png,55,126,26,368
..\Downloads\train\images\image_0555.jpg,61,123,44,361
..\Downloads\train\images\image_0460.png,56,156,39,384
..\Downloads\train_20210106\images\image_0286.jpg,62,137,31,384
..\Downloads\train\images\image_0266.png,54,144,25,367
..\Downloads\train\images\image_0780.png,47,154,88,384
..\Downloads\train\images\image_0523.png,61,134,37,381
..\Downloads\train\images\image_0602.jpg,53,114,80,384
..\Downloads\train_20210106\images\image_0235.jpg,64,133,25,384
..\Downloads\train\images\image_0489.png,61,155,29,366
..\Downloads\train\images\image_0411.JPG,58,121,30,381
..\Downloads\train\images\image_0133.png,51,140,77,371
..\Downloads\train\images\image_0831.png,62,141,33,382
..\Downloads\train\images\image_0713.png,50,142,38,384
..\Downloads\train\images\image_0473.png,55,156,31,380
..\Downloads\train\images\image_0740.png,59,139,81,381
..\Downloads\train\images\image_0857.png,55,141,51,356
..\Downloads\train\images\image_0870.png,53,136,76,359
..\Downloads\train_20210106\images\image_0158.jpg,58,119,33,385
..\Downloads\train_20210106\images\image_0039.png,60,138,74,382
..\Downloads\train_20210106\images\image_0229.jpg,56,156,25,381
..\Downloads\train\images\image_0467.png,64,151,76,382
..\Downloads\train\images\image_0149.png,55,113,70,381
..\Downloads\train\images\image_0520.png,54,150,74,380
..\Downloads\train\images\image_0255.png,66,116,27,381
..\Downloads\train\images\image_0958.png,46,137,78,383
..\Downloads\train_20210106\images\image_0201.jpg,62,154,86,382
..\Downloads\train_20210106\images\image_0236.jpg,55,145,72,375
..\Downloads\train\images\image_0264.png,51,140,28,380
..\Downloads\train_20210106\images\image_0248.jpg,53,138,79,386
..\Downloads\train_20210106\images\image_0238.jpg,60,131,81,382
..\Downloads\train\images\image_0883.png,59,133,21,381
..\Downloads\train\images\image_0895.png,70,118,38,363
..\Downloads\train\images\image_0522.png,41,132,78,382
..\Downloads\train\images\image_0249.png,54,115,30,386
..\Downloads\train\images\image_0056.png,62,108,24,381
..\Downloads\train\images\image_0263.png,64,133,88,367
..\Downloads\train\images\image_0156.png,58,143,35,381
..\Downloads\train\images\image_0959.png,66,134,32,384
..\Downloads\train\images\image_0040.png,55,138,36,383
..\Downloads\train_20210106\images\image_0387.jpg,54,138,91,385
..\Downloads\train_20210106\images\image_0100.png,55,142,38,366
..\Downloads\train_20210106\images\image_0260.jpg,57,153,33,386
..\Downloads\train\images\image_0407.JPG,55,140,25,383
..\Downloads\train\images\image_0079.png,52,141,86,383
..\Downloads\train_20210106\images\image_0076.png,57,134,31,383
..\Downloads\train_20210106\images\image_0294.jpg,60,119,26,384
..\Downloads\train_20210106\images\image_0144.png,59,128,32,382
..\Downloads\train_20210106\images\image_0212.jpg,53,119,34,380
..\Downloads\train\images\image_0486.png,66,128,70,387
..\Downloads\train\images\image_0710.png,56,146,76,383
..\Downloads\train\images\image_0698.png,64,120,82,385
..\Downloads\train\images\image_0641.jpg,51,114,33,369
..\Downloads\train_20210106\images\image_0364.jpg,63,134,60,360
..\Downloads\train\images\image_0429.png,56,122,77,383
..\Downloads\train\images\image_0025.png,44,118,76,375
..\Downloads\train\images\image_0745.png,52,131,37,376
..\Downloads\train\images\image_0152.png,50,136,17,384
..\Downloads\train\images\image_0010.png,60,149,33,385
..\Downloads\train\images\image_0143.png,76,132,68,367
..\Downloads\train\images\image_0238.png,69,121,75,382
..\Downloads\train\images\image_0723.png,54,114,36,382
..\Downloads\train_20210106\images\image_0097.png,51,123,85,386
..\Downloads\train\images\image_0853.png,62,122,31,369
..\Downloads\train\images\image_0358.png,57,138,32,385
..\Downloads\train\images\image_0504.png,52,139,40,368
..\Downloads\train\images\image_0742.png,60,136,80,368
..\Downloads\train_20210106\images\image_0395.jpg,48,127,76,385
..\Downloads\train\images\image_0658.jpg,64,117,87,381
..\Downloads\train\images\image_0584.png,49,115,83,385
..\Downloads\train\images\image_0158.png,65,142,15,382
..\Downloads\train\images\image_0196.jpg,63,122,85,383
..\Downloads\train\images\image_0303.png,58,136,90,383
..\Downloads\train_20210106\images\image_0343.jpg,61,140,85,380
..\Downloads\train\images\image_0029.png,60,144,66,367
..\Downloads\train_20210106\images\image_0102.png,53,144,32,383
..\Downloads\train_20210106\images\image_0010.png,56,174,37,381
..\Downloads\train\images\image_0700.png,57,119,65,365
..\Downloads\train\images\image_0013.png,62,140,81,383
..\Downloads\train\images\image_0295.png,61,142,73,382
..\Downloads\train_20210106\images\image_0323.jpg,60,101,89,383
..\Downloads\train\images\image_0475.png,61,106,36,368
..\Downloads\train_20210106\images\image_0256.jpg,60,138,39,385
..\Downloads\train\images\image_0464.png,73,124,27,379
..\Downloads\train\images\image_0124.png,65,136,33,384
..\Downloads\train\images\image_0068.png,53,156,32,372
..\Downloads\train\images\image_0692.png,63,130,81,387
..\Downloads\train\images\image_0604.jpg,57,119,78,376
..\Downloads\train\images\image_0399.JPG,36,138,72,380
..\Downloads\train\images\image_0044.png,47,106,30,363
..\Downloads\train\images\image_0327.png,66,155,76,384
..\Downloads\train\images\image_0050.png,58,146,32,380
..\Downloads\train\images\image_0457.png,43,149,83,383
..\Downloads\train\images\image_0031.png,44,107,80,367
..\Downloads\train_20210106\images\image_0140.png,64,140,34,371
..\Downloads\train_20210106\images\image_0232.jpg,57,144,79,383
..\Downloads\train\images\image_0280.png,56,141,26,382
..\Downloads\train\images\image_0353.png,70,144,76,386
..\Downloads\train\images\image_0053.png,52,112,79,382
..\Downloads\train\images\image_0589.jpg,29,154,51,376
..\Downloads\train\images\image_0493.png,59,143,27,382
..\Downloads\train\images\image_0262.png,52,156,31,377
..\Downloads\train\images\image_0887.png,62,148,31,383
..\Downloads\train_20210106\images\image_0289.jpg,70,140,80,385
..\Downloads\train\images\image_0792.png,64,162,75,384
..\Downloads\train_20210106\images\image_0244.jpg,52,152,82,383
..\Downloads\train\images\image_0929.png,65,137,33,371
..\Downloads\train\images\image_0458.png,60,143,23,384
..\Downloads\train\images\image_0215.png,69,163,18,380
..\Downloads\train_20210106\images\image_0115.png,69,139,70,367
..\Downloads\train\images\image_0830.png,66,144,79,385
..\Downloads\train\images\image_0089.png,54,153,77,380
..\Downloads\train\images\image_0240.png,51,137,81,369
..\Downloads\train\images\image_0933.png,42,132,30,384
..\Downloads\train\images\image_0096.png,51,156,29,377
..\Downloads\train\images\image_0129.png,51,148,74,380
..\Downloads\train_20210106\images\image_0073.png,58,119,76,381
..\Downloads\train\images\image_0591.jpg,55,138,35,369
..\Downloads\train\images\image_0645.jpg,54,134,30,384
..\Downloads\train\images\image_0989.png,65,129,31,385
..\Downloads\train\images\image_0836.png,60,134,89,382
..\Downloads\train\images\image_0208.jpg,55,133,74,369
..\Downloads\train_20210106\images\image_0111.png,70,138,82,382
..\Downloads\train\images\image_0305.png,62,135,80,383
..\Downloads\train\images\image_0073.png,51,136,82,369
..\Downloads\train\images\image_0970.png,68,162,78,380
..\Downloads\train\images\image_0814.png,77,155,85,381
..\Downloads\train\images\image_0450.png,65,125,33,368
..\Downloads\train\images\image_0426.png,52,144,19,385
..\Downloads\train\images\image_0826.png,73,131,64,366
..\Downloads\train\images\image_0434.png,70,127,35,383
..\Downloads\train\images\image_0894.png,55,117,71,373
..\Downloads\train_20210106\images\image_0255.jpg,63,133,71,379
..\Downloads\train_20210106\images\image_0217.jpg,60,140,31,378
..\Downloads\train\images\image_0669.png,55,145,26,379
..\Downloads\train\images\image_0037.png,55,118,83,382
..\Downloads\train\images\image_0242.png,60,122,88,384
..\Downloads\train\images\image_0397.JPG,35,135,69,378
..\Downloads\train\images\image_0209.jpg,62,133,28,367
..\Downloads\train_20210106\images\image_0151.png,53,138,72,386
..\Downloads\train\images\image_0832.png,68,135,79,380
..\Downloads\train\images\image_0193.png,60,125,88,384
..\Downloads\train\images\image_0398.JPG,60,137,28,383
..\Downloads\train\images\image_0625.png,52,164,21,383
..\Downloads\train\images\image_0942.png,45,125,77,381
..\Downloads\train_20210106\images\image_0082.png,60,122,34,374
..\Downloads\train_20210106\images\image_0375.jpg,56,136,85,387
..\Downloads\train\images\image_0470.png,57,131,80,362
..\Downloads\train\images\image_0634.jpg,59,137,77,383
..\Downloads\train\images\image_0180.jpg,59,124,32,380
..\Downloads\train_20210106\images\image_0361.jpg,61,123,88,383
..\Downloads\train\images\image_0496.png,72,106,48,334
..\Downloads\train\images\image_0927.png,62,150,21,381
..\Downloads\train\images\image_0578.jpg,62,153,66,368
..\Downloads\train\images\image_0558.jpg,61,136,84,381
..\Downloads\train\images\image_0243.png,60,124,22,383
..\Downloads\train\images\image_0348.png,61,119,27,374
..\Downloads\train\images\image_0095.png,70,141,82,384
..\Downloads\train_20210106\images\image_0173.jpg,52,130,82,382
..\Downloads\train\images\image_0499.png,60,141,79,383
..\Downloads\train\images\image_0973.png,60,135,32,382
..\Downloads\train\images\image_0165.jpg,73,153,79,378
..\Downloads\train_20210106\images\image_0304.jpg,66,118,28,384
..\Downloads\train\images\image_0361.png,64,170,81,381
..\Downloads\train_20210106\images\image_0398.jpg,69,124,37,379
..\Downloads\train\images\image_0161.png,58,149,76,381
..\Downloads\train_20210106\images\image_0006.png,63,120,32,386
..\Downloads\train\images\image_0819.png,62,136,25,382
..\Downloads\train\images\image_0402.JPG,37,138,60,380
..\Downloads\train_20210106\images\image_0066.png,66,122,33,369
..\Downloads\train\images\image_0880.png,47,121,80,384
..\Downloads\train\images\image_0918.png,56,127,87,381
..\Downloads\train\images\image_0954.png,54,118,82,383
..\Downloads\train\images\image_0302.png,52,137,30,382
..\Downloads\train_20210106\images\image_0373.jpg,50,122,89,385
..\Downloads\train_20210106\images\image_0365.jpg,53,137,79,385
..\Downloads\train_20210106\images\image_0357.jpg,57,154,69,371
..\Downloads\train\images\image_0375.png,64,150,80,383
..\Downloads\train\images\image_0553.png,50,118,40,366
..\Downloads\train\images\image_0367.png,66,144,69,365
..\Downloads\train\images\image_0935.png,65,131,36,383
..\Downloads\train_20210106\images\image_0197.jpg,54,135,78,380
..\Downloads\train\images\image_0459.png,52,157,65,381
..\Downloads\train_20210106\images\image_0178.jpg,59,110,29,381
..\Downloads\train_20210106\images\image_0220.jpg,66,139,76,366
..\Downloads\train\images\image_0916.png,56,121,74,365
..\Downloads\train_20210106\images\image_0053.png,66,138,61,365
..\Downloads\train_20210106\images\image_0222.jpg,55,123,76,377
..\Downloads\train_20210106\images\image_0116.png,64,138,40,366
..\Downloads\train\images\image_0114.png,50,151,19,380
..\Downloads\train\images\image_0420.png,58,137,29,382
..\Downloads\train\images\image_0281.png,50,123,80,381
..\Downloads\train\images\image_0021.png,74,140,84,380
..\Downloads\train\images\image_0946.png,54,135,73,377
..\Downloads\train\images\image_0721.png,31,133,46,384
..\Downloads\train\images\image_0297.png,60,139,87,380
..\Downloads\train\images\image_0859.png,56,155,29,384
..\Downloads\train\images\image_0406.JPG,57,137,84,383
..\Downloads\train\images\image_0841.png,67,113,30,374
..\Downloads\train\images\image_0871.png,54,134,29,350
..\Downloads\train\images\image_0235.png,61,119,31,378
..\Downloads\train\images\image_0800.png,62,153,77,382
..\Downloads\train\images\image_0408.JPG,36,139,67,375
..\Downloads\train\images\image_0272.png,57,153,32,381
..\Downloads\train\images\image_0330.png,59,107,27,383
..\Downloads\train_20210106\images\image_0119.png,56,133,75,383
..\Downloads\train_20210106\images\image_0060.png,49,141,22,364
..\Downloads\train\images\image_0134.png,59,143,29,379
..\Downloads\train_20210106\images\image_0162.jpg,54,154,39,373
..\Downloads\train_20210106\images\image_0421.jpg,53,157,76,376
..\Downloads\train\images\image_0576.png,50,136,93,385
..\Downloads\train\images\image_0288.png,65,120,36,385
..\Downloads\train\images\image_0812.png,50,152,96,384
..\Downloads\train\images\image_0900.png,48,120,83,382
..\Downloads\train\images\image_0355.png,52,117,81,386
..\Downloads\train\images\image_0732.png,69,149,65,367
..\Downloads\train_20210106\images\image_0136.png,63,136,36,373
..\Downloads\train\images\image_0370.png,57,141,31,379
..\Downloads\train\images\image_0502.png,68,110,34,364
..\Downloads\train_20210106\images\image_0180.jpg,62,128,25,381
..\Downloads\train\images\image_0481.png,58,139,24,383
..\Downloads\train_20210106\images\image_0266.jpg,55,139,45,376
..\Downloads\train\images\image_0168.jpg,60,119,31,380
..\Downloads\train\images\image_0661.jpg,35,148,39,384
..\Downloads\train\images\image_0175.jpg,65,104,85,380
..\Downloads\train\images\image_0519.png,58,153,36,370
..\Downloads\train_20210106\images\image_0118.png,48,138,26,379
..\Downloads\train\images\image_0539.png,63,160,39,366
..\Downloads\train\images\image_0981.png,51,158,36,382
..\Downloads\train\images\image_0776.png,55,148,74,365
..\Downloads\train\images\image_0984.png,55,123,77,380
..\Downloads\train\images\image_0127.png,57,140,77,368
..\Downloads\train_20210106\images\image_0017.png,58,107,83,382
..\Downloads\train_20210106\images\image_0028.png,55,116,29,384
..\Downloads\train\images\image_0138.png,67,102,33,384
..\Downloads\train\images\image_0210.jpg,58,137,91,382
..\Downloads\train_20210106\images\image_0335.jpg,72,118,67,351
..\Downloads\train\images\image_0366.png,56,121,25,384
..\Downloads\train_20210106\images\image_0345.jpg,50,139,93,379
..\Downloads\train\images\image_0137.png,50,107,79,383
..\Downloads\train\images\image_0585.png,61,108,30,385
..\Downloads\train\images\image_0627.jpg,59,135,34,368
..\Downloads\train_20210106\images\image_0331.jpg,69,131,79,385
..\Downloads\train\images\image_0521.png,54,152,27,382
..\Downloads\train\images\image_0998.png,56,134,69,385
..\Downloads\train\images\image_0715.png,62,108,37,383
..\Downloads\train_20210106\images\image_0071.png,60,121,70,383
..\Downloads\train\images\image_0071.png,51,134,70,385
..\Downloads\train_20210106\images\image_0374.jpg,50,122,26,385
..\Downloads\train\images\image_0276.png,58,154,38,385
..\Downloads\train_20210106\images\image_0415.jpg,47,137,76,374
..\Downloads\train\images\image_0969.png,59,147,29,376
..\Downloads\train\images\image_0852.png,62,139,73,382
..\Downloads\train_20210106\images\image_0182.jpg,64,108,35,374
..\Downloads\train\images\image_0920.png,70,105,83,384
..\Downloads\train\images\image_0427.png,57,121,74,384
..\Downloads\train_20210106\images\image_0204.jpg,41,118,33,365
..\Downloads\train_20210106\images\image_0075.png,72,144,77,377
..\Downloads\train\images\image_0962.png,57,125,76,384
..\Downloads\train\images\image_0008.png,62,121,38,375
..\Downloads\train\images\image_0351.png,70,143,76,380
..\Downloads\train_20210106\images\image_0089.png,49,140,85,383
..\Downloads\train\images\image_0135.png,57,116,76,384
..\Downloads\train_20210106\images\image_0208.jpg,55,122,33,382
..\Downloads\train_20210106\images\image_0191.jpg,46,116,59,373
..\Downloads\train\images\image_0751.png,29,152,51,381
..\Downloads\train_20210106\images\image_0407.jpg,52,140,80,380
..\Downloads\train\images\image_0484.png,69,137,70,383
..\Downloads\train\images\image_0463.png,44,124,80,380
..\Downloads\train_20210106\images\image_0310.jpg,61,142,29,384
..\Downloads\train\images\image_0065.png,45,118,75,379
..\Downloads\train\images\image_0109.png,50,139,81,381
..\Downloads\train\images\image_0552.png,64,137,71,370
..\Downloads\train\images\image_0061.png,55,115,79,380
..\Downloads\train\images\image_0364.png,47,152,35,366
..\Downloads\train\images\image_0948.png,59,123,76,384
..\Downloads\train\images\image_0748.png,56,130,75,385
..\Downloads\train_20210106\images\image_0210.jpg,55,121,38,369
..\Downloads\train\images\image_0868.png,51,121,79,381
..\Downloads\train\images\image_0301.png,47,133,96,369
..\Downloads\train\images\image_0437.png,54,113,72,362
..\Downloads\train\images\image_0228.jpg,70,129,73,367
..\Downloads\train\images\image_0603.jpg,54,103,34,385
..\Downloads\train_20210106\images\image_0113.png,64,138,81,381
..\Downloads\train\images\image_0615.jpg,54,141,35,362
..\Downloads\train\images\image_0155.png,70,148,80,382
..\Downloads\train\images\image_0846.png,71,132,83,383
..\Downloads\train\images\image_0568.png,58,141,75,367
..\Downloads\train_20210106\images\image_0160.jpg,57,145,36,385
..\Downloads\train\images\image_0691.png,58,122,27,381
..\Downloads\train\images\image_0766.png,73,133,77,381
..\Downloads\train_20210106\images\image_0019.png,38,118,78,383
..\Downloads\train_20210106\images\image_0037.png,63,138,75,386
..\Downloads\train\images\image_0777.png,55,141,54,356
..\Downloads\train\images\image_0982.png,71,142,79,382
..\Downloads\train\images\image_0797.png,38,123,32,382
..\Downloads\train_20210106\images\image_0280.jpg,59,122,28,383
..\Downloads\train\images\image_0507.png,53,138,78,384
..\Downloads\train\images\image_0829.png,59,138,37,381
..\Downloads\train_20210106\images\image_0226.jpg,64,125,76,378
..\Downloads\train\images\image_0083.png,45,117,78,383
..\Downloads\train_20210106\images\image_0177.jpg,67,113,81,383
..\Downloads\train\images\image_0388.png,58,159,25,383
..\Downloads\train\images\image_0840.png,65,129,69,381
..\Downloads\train_20210106\images\image_0381.jpg,69,121,79,383
..\Downloads\train\images\image_0011.png,55,136,81,381
..\Downloads\train_20210106\images\image_0317.jpg,57,141,59,368
..\Downloads\train_20210106\images\image_0264.jpg,52,122,21,382
..\Downloads\train\images\image_0132.png,61,118,26,365
..\Downloads\train\images\image_0653.jpg,45,126,29,385
..\Downloads\train\images\image_0844.png,56,143,80,375
..\Downloads\train\images\image_0517.png,45,122,74,384
..\Downloads\train\images\image_0117.png,49,156,86,381
..\Downloads\train\images\image_0047.png,63,151,75,379
..\Downloads\train_20210106\images\image_0372.jpg,55,140,32,381
..\Downloads\train\images\image_0816.png,77,142,83,379
..\Downloads\train_20210106\images\image_0203.jpg,83,122,75,368
..\Downloads\train\images\image_0866.png,59,123,80,381
..\Downloads\train\images\image_0524.png,54,136,76,371
..\Downloads\train_20210106\images\image_0061.png,53,137,77,369
..\Downloads\train_20210106\images\image_0121.png,69,136,75,380
..\Downloads\train\images\image_0234.png,54,117,76,369
..\Downloads\train_20210106\images\image_0125.png,58,125,81,383
..\Downloads\train\images\image_0188.jpg,60,119,32,378
..\Downloads\train\images\image_0028.png,65,136,25,384
..\Downloads\train\images\image_0893.png,63,133,33,367
..\Downloads\train\images\image_0039.png,54,134,76,382
..\Downloads\train\images\image_0905.png,59,118,29,382
..\Downloads\train\images\image_0729.png,54,143,44,383
..\Downloads\train\images\image_0686.png,62,134,73,386
..\Downloads\train\images\image_0530.png,55,123,89,384
..\Downloads\train\images\image_0579.jpg,46,152,36,366
..\Downloads\train\images\image_0433.png,56,131,82,386
..\Downloads\train\images\image_0809.png,58,170,31,377
..\Downloads\train\images\image_0443.png,60,136,74,383
..\Downloads\train\images\image_0500.png,66,140,24,378
..\Downloads\train\images\image_0983.png,57,143,22,380
..\Downloads\train\images\image_0527.png,52,133,31,386
..\Downloads\train_20210106\images\image_0297.jpg,53,147,77,383
..\Downloads\train\images\image_0743.png,56,146,36,369
..\Downloads\train\images\image_0002.png,62,139,42,385
..\Downloads\train\images\image_0914.png,54,136,78,371
..\Downloads\train\images\image_0706.png,54,136,72,368
..\Downloads\train_20210106\images\image_0350.jpg,61,145,26,381
..\Downloads\train\images\image_0046.png,62,118,34,376
..\Downloads\train\images\image_0174.png,56,137,27,381
..\Downloads\train_20210106\images\image_0139.png,49,138,74,384
..\Downloads\train_20210106\images\image_0344.jpg,56,154,32,383
..\Downloads\train\images\image_0368.png,50,148,41,366
..\Downloads\train_20210106\images\image_0416.jpg,64,142,37,376
..\Downloads\train\images\image_0747.png,31,149,43,386
..\Downloads\train_20210106\images\image_0176.jpg,61,133,30,380
..\Downloads\train\images\image_0556.jpg,54,142,83,382
..\Downloads\train\images\image_0338.png,55,123,29,379
..\Downloads\train\images\image_0596.jpg,53,123,83,366
..\Downloads\train\images\image_0207.jpg,57,140,27,366
..\Downloads\train\images\image_0774.png,50,136,76,381
..\Downloads\train\images\image_0057.png,64,111,69,345
..\Downloads\train\images\image_0950.png,57,128,73,370
..\Downloads\train_20210106\images\image_0134.png,58,147,36,384
..\Downloads\train\images\image_0432.png,63,104,35,384
..\Downloads\train\images\image_0452.png,58,131,28,378
..\Downloads\train_20210106\images\image_0187.jpg,57,136,72,383
..\Downloads\train\images\image_0529.png,61,135,28,364
..\Downloads\train_20210106\images\image_0086.png,56,135,36,382
..\Downloads\train\images\image_0719.png,67,117,40,386
..\Downloads\train\images\image_0807.png,65,121,32,384
..\Downloads\train_20210106\images\image_0291.jpg,54,140,86,385
..\Downloads\train\images\image_0667.png,56,149,30,385
..\Downloads\train_20210106\images\image_0085.png,68,142,83,381
..\Downloads\train\images\image_0808.png,74,166,73,384
..\Downloads\train\images\image_0141.png,50,122,89,383
..\Downloads\train\images\image_0684.png,62,139,82,371
..\Downloads\train\images\image_0023.png,61,101,87,383
..\Downloads\train\images\image_0468.png,53,141,29,381
..\Downloads\train\images\image_0540.jpg,61,110,88,376
..\Downloads\train\images\image_0542.jpg,63,120,78,384
..\Downloads\train\images\image_0554.jpg,62,126,77,372
..\Downloads\train\images\image_0392.JPG,57,118,31,380
..\Downloads\train\images\image_0421.png,49,145,75,369
..\Downloads\train\images\image_0657.jpg,54,148,32,383
..\Downloads\train\images\image_0600.jpg,83,143,69,384
..\Downloads\train_20210106\images\image_0389.jpg,60,103,84,381
..\Downloads\train\images\image_0999.png,78,128,39,377
..\Downloads\train\images\image_0716.png,51,148,81,367
..\Downloads\train\images\image_0151.png,65,138,88,381
..\Downloads\train\images\image_0616.jpg,76,140,74,384
..\Downloads\train\images\image_0391.JPG,66,122,75,380
..\Downloads\train_20210106\images\image_0138.png,56,155,32,384
..\Downloads\train\images\image_0847.png,58,134,17,375
..\Downloads\train\images\image_0782.png,43,123,79,382
..\Downloads\train\images\image_0725.png,49,136,32,383
..\Downloads\train_20210106\images\image_0241.jpg,64,124,36,369
..\Downloads\train_20210106\images\image_0278.jpg,59,141,28,384
..\Downloads\train\images\image_0515.png,60,127,79,378
..\Downloads\train_20210106\images\image_0055.png,59,147,83,381
..\Downloads\train\images\image_0354.png,50,140,29,376
..\Downloads\train_20210106\images\image_0267.jpg,66,186,81,382
..\Downloads\train_20210106\images\image_0150.png,54,152,31,380
..\Downloads\train\images\image_0258.png,47,134,68,349
..\Downloads\train\images\image_0508.png,62,139,38,380
..\Downloads\train_20210106\images\image_0247.jpg,59,135,38,381
..\Downloads\train\images\image_0532.png,62,141,81,367
..\Downloads\train\images\image_0251.png,55,122,23,370
..\Downloads\train\images\image_0804.png,67,142,77,384
..\Downloads\train\images\image_0017.png,53,138,87,383
..\Downloads\train\images\image_0818.png,76,140,85,382
..\Downloads\train\images\image_0987.png,63,137,32,369
..\Downloads\train\images\image_0728.png,67,139,84,385
..\Downloads\train\images\image_0003.png,47,117,76,368
..\Downloads\train\images\image_0637.jpg,47,157,44,380
..\Downloads\train\images\image_0259.png,62,128,32,350
..\Downloads\train_20210106\images\image_0340.jpg,66,134,34,383
..\Downloads\train_20210106\images\image_0369.jpg,55,124,78,378
..\Downloads\train\images\image_0924.png,55,122,80,383
..\Downloads\train_20210106\images\image_0206.jpg,62,154,31,384
..\Downloads\train_20210106\images\image_0325.jpg,46,108,71,363
..\Downloads\train\images\image_0750.png,56,144,83,385
..\Downloads\train\images\image_0131.png,46,131,89,381
..\Downloads\train\images\image_0372.png,51,107,38,380
..\Downloads\train\images\image_0384.png,63,126,21,381
..\Downloads\train_20210106\images\image_0153.jpg,66,171,95,381
..\Downloads\train\images\image_0167.jpg,62,123,79,379
..\Downloads\train\images\image_0474.png,54,123,76,370
..\Downloads\train\images\image_0628.jpg,74,130,74,384
..\Downloads\train\images\image_0192.jpg,61,139,37,371
..\Downloads\train\images\image_0225.jpg,65,147,34,369
..\Downloads\train_20210106\images\image_0035.png,60,158,83,384
..\Downloads\train_20210106\images\image_0205.jpg,75,150,82,385
..\Downloads\train\images\image_0248.png,59,122,79,385
..\Downloads\train_20210106\images\image_0154.jpg,44,165,28,383
..\Downloads\train_20210106\images\image_0192.jpg,63,122,46,380
..\Downloads\train_20210106\images\image_0371.jpg,57,159,87,382
..\Downloads\train\images\image_0978.png,49,129,87,382
..\Downloads\train_20210106\images\image_0403.jpg,42,127,75,382
..\Downloads\train\images\image_0237.png,61,110,34,383
..\Downloads\train\images\image_0172.jpg,58,107,27,384
..\Downloads\train_20210106\images\image_0059.png,72,138,72,386
..\Downloads\train\images\image_0563.jpg,45,152,31,382
..\Downloads\train\images\image_0356.png,64,127,30,382
..\Downloads\train\images\image_0569.png,54,142,37,369
..\Downloads\train\images\image_0455.png,56,115,81,368
..\Downloads\train\images\image_0097.png,50,133,82,382
..\Downloads\train\images\image_0803.png,68,121,31,384
..\Downloads\train\images\image_0799.png,56,106,29,385
..\Downloads\train\images\image_0498.png,58,164,31,382
..\Downloads\train_20210106\images\image_0146.png,62,143,30,372
..\Downloads\train\images\image_0668.png,56,150,93,383
..\Downloads\train\images\image_0012.png,62,136,31,376
..\Downloads\train\images\image_0764.png,62,133,81,383
..\Downloads\train\images\image_0886.png,71,143,80,376
..\Downloads\train\images\image_0153.png,71,137,75,361
..\Downloads\train\images\image_0026.png,66,119,37,375
..\Downloads\train\images\image_0990.png,51,142,74,385
..\Downloads\train\images\image_0526.png,75,136,78,381
..\Downloads\train_20210106\images\image_0047.png,54,138,78,381
..\Downloads\train\images\image_0571.jpg,65,126,34,382
..\Downloads\train\images\image_0909.png,65,123,28,383
..\Downloads\train\images\image_0016.png,61,133,23,382
..\Downloads\train_20210106\images\image_0279.jpg,59,131,87,380
..\Downloads\train_20210106\images\image_0152.png,59,140,35,372
..\Downloads\train\images\image_0035.png,56,115,79,366
..\Downloads\train\images\image_0594.jpg,61,136,79,381
..\Downloads\train_20210106\images\image_0065.png,57,118,85,382
..\Downloads\train\images\image_0874.png,64,138,72,382
..\Downloads\train\images\image_0509.png,52,147,79,383
..\Downloads\train_20210106\images\image_0383.jpg,63,124,76,383
..\Downloads\train\images\image_0919.png,61,125,35,384
..\Downloads\train_20210106\images\image_0320.jpg,70,135,43,379
..\Downloads\train_20210106\images\image_0128.png,63,146,27,386
..\Downloads\train_20210106\images\image_0122.png,60,135,36,381
..\Downloads\train\images\image_0775.png,58,134,40,383
..\Downloads\train_20210106\images\image_0269.jpg,70,130,80,383
..\Downloads\train\images\image_0597.jpg,56,124,34,367
..\Downloads\train\images\image_0675.png,55,138,32,384
..\Downloads\train_20210106\images\image_0412.jpg,54,157,36,376
..\Downloads\train\images\image_0286.png,51,142,36,366
..\Downloads\train\images\image_0282.png,65,120,30,383
..\Downloads\train\images\image_0789.png,37,134,42,381
..\Downloads\train\images\image_0182.jpg,59,132,30,382
..\Downloads\train\images\image_0707.png,54,140,44,366
..\Downloads\train_20210106\images\image_0270.jpg,67,136,34,385
..\Downloads\train\images\image_0573.png,60,124,25,366
..\Downloads\train\images\image_0113.png,63,155,84,383
..\Downloads\train_20210106\images\image_0252.jpg,68,143,22,382
..\Downloads\train\images\image_0335.png,76,142,77,382
..\Downloads\train_20210106\images\image_0129.png,72,154,81,382
..\Downloads\train\images\image_0294.png,56,139,29,366
..\Downloads\train_20210106\images\image_0243.jpg,53,144,32,383
..\Downloads\train\images\image_0461.png,57,150,68,348
..\Downloads\train\images\image_0236.png,60,116,88,382
..\Downloads\train_20210106\images\image_0410.jpg,62,141,45,370
..\Downloads\train\images\image_0329.png,55,102,75,383
..\Downloads\train\images\image_0147.png,84,139,72,382
..\Downloads\train\images\image_0938.png,73,148,77,383
..\Downloads\train\images\image_0014.png,55,137,31,380
..\Downloads\train\images\image_0075.png,41,118,78,382
..\Downloads\train\images\image_0417.png,56,146,34,381
..\Downloads\train\images\image_0478.png,58,130,79,377
..\Downloads\train\images\image_0851.png,65,138,30,378
..\Downloads\train\images\image_0652.jpg,24,125,90,384
..\Downloads\train_20210106\images\image_0262.jpg,53,133,24,381
..\Downloads\train\images\image_0054.png,56,112,32,369
..\Downloads\train\images\image_0389.png,55,133,77,385
..\Downloads\train\images\image_0696.png,60,132,79,380
..\Downloads\train\images\image_0336.png,63,132,27,382
..\Downloads\train\images\image_0549.png,45,164,37,360
..\Downloads\train_20210106\images\image_0054.png,56,130,33,366
..\Downloads\train_20210106\images\image_0396.jpg,55,132,34,379
..\Downloads\train\images\image_0231.png,60,109,24,384
..\Downloads\train\images\image_0736.png,64,155,79,382
..\Downloads\train_20210106\images\image_0417.jpg,55,124,76,382
..\Downloads\train\images\image_0229.jpg,59,121,40,364
..\Downloads\train\images\image_0315.png,55,113,82,370
..\Downloads\train_20210106\images\image_0336.jpg,64,119,36,351
..\Downloads\train\images\image_0541.jpg,64,117,32,382
..\Downloads\train_20210106\images\image_0029.png,57,150,69,373
..\Downloads\train\images\image_0387.png,77,153,74,381
..\Downloads\train\images\image_0687.png,58,134,28,384
..\Downloads\train\images\image_0899.png,66,135,40,349
..\Downloads\train\images\image_0036.png,56,126,26,383
..\Downloads\train\images\image_0608.jpg,67,151,88,382
..\Downloads\train_20210106\images\image_0224.jpg,44,104,79,372
..\Downloads\train\images\image_0623.jpg,31,131,35,384
..\Downloads\train\images\image_0268.png,55,146,36,382
..\Downloads\train\images\image_0019.png,53,133,78,369
..\Downloads\train\images\image_0772.png,55,137,70,381
..\Downloads\train\images\image_0451.png,48,131,76,369
..\Downloads\train_20210106\images\image_0342.jpg,60,139,29,385
..\Downloads\train\images\image_0004.png,66,119,37,376
..\Downloads\train\images\image_0343.png,76,157,78,379
..\Downloads\train\images\image_0592.jpg,57,108,71,365
..\Downloads\train_20210106\images\image_0103.png,68,145,72,381
..\Downloads\train\images\image_0081.png,62,142,75,380
..\Downloads\train\images\image_0446.png,55,133,22,377
..\Downloads\train\images\image_0154.png,60,151,39,362
..\Downloads\train\images\image_0214.png,58,154,80,369
..\Downloads\train\images\image_0311.png,55,136,65,347
..\Downloads\train_20210106\images\image_0326.jpg,62,108,34,363
..\Downloads\train_20210106\images\image_0169.jpg,63,156,83,383
..\Downloads\train_20210106\images\image_0414.jpg,66,107,33,364
..\Downloads\train\images\image_0159.png,72,142,77,383
..\Downloads\train_20210106\images\image_0087.png,62,141,74,382
..\Downloads\train_20210106\images\image_0106.png,65,120,27,383
..\Downloads\train\images\image_0757.png,55,139,20,381
..\Downloads\train_20210106\images\image_0036.png,61,160,34,384
..\Downloads\train_20210106\images\image_0292.jpg,66,137,35,370
..\Downloads\train\images\image_0465.png,64,140,66,372
..\Downloads\train_20210106\images\image_0080.png,57,137,33,365
..\Downloads\train\images\image_0835.png,56,122,29,384
..\Downloads\train_20210106\images\image_0171.jpg,50,118,81,381
..\Downloads\train\images\image_0701.png,52,131,34,382
..\Downloads\train_20210106\images\image_0033.png,41,141,81,382
..\Downloads\train\images\image_0676.png,51,137,84,384
..\Downloads\train_20210106\images\image_0196.jpg,62,138,29,383
..\Downloads\train\images\image_0925.png,58,120,20,383
